lucode;LULC_name;C_above;C_dead;C_below;C_soil
1;Productive forest;84.74;4.54;10.12;121.34
2;Unproductive forest;51.34;0;10.29;121.34
3;Cropland;6.07;0;0;42.35
4;Shrub Vegetation;20.45;0;0;63.91
5;Vineyards, low stem orchards, tree nurseries;5.57;0;0;50.58
6;Copse;20.45;0;0;63.91
7;Orchards;23.34;0;0;59.79
9;Unproductive grassland;3.45;0;0;63.69
10;Surface waters;0;0;0;0
11;Unproductive wetland;6.5;0;0;62.86
12;Buildings and constructions;0;0;0;0
13;Herbaceaous biomass in settlements;9.54;0;0;50.58
14;Shrubs in settlements;15.43;0;0;50.58
15;Trees in settlements;20.72;0;0;50.58
16;Other land;0;0;0;0
18;Permanent Grassland;3.31;0;0;62.60
255;Nodata;0;0;0;0
