lucode;LULC_name;C_above;C_dead;C_below;C_soil
1;Productive forest;72.68;2.22;8.36;102.37
2;Unproductive forest;20.83;0;9.15;102.37
3;Cropland;6.44;0;0;50.21
4;Shrub Vegetation;20.45;0;0;58.74
5;Vineyards, low stem orchards, tree nurseries;5.57;0;0;50.58
6;Copse;20.45;0;0;58.74
7;Orchards;23.34;0;0;59.79
9;Unproductive grassland;3.45;0;0;63.69
10;Surface waters;0;0;0;0
11;Unproductive wetland;6.5;0;0;62.86
12;Buildings and constructions;0;0;0;0
13;Herbaceaous biomass in settlements;9.54;0;0;50.58
14;Shrubs in settlements;15.43;0;0;50.58
15;Trees in settlements;20.72;0;0;50.58
16;Other land;0;0;0;0
18;Permanent Grassland;5.88;0;0;60.44
255;Nodata;0;0;0;0
